{
  "response_time_ms": {
    "mean": 792.9641,
    "std": 2101.4151,
    "min": 1.0,
    "p25": 103.0,
    "median": 155.0,
    "p75": 216.0,
    "p95": 7003.1,
    "p99": 9533.01,
    "max": 13531.0,
    "null_pct": 0.0,
    "scaler_mean": 792.964111,
    "scaler_std": 2101.356682
  },
  "response_time_zscore": {
    "mean": -0.0,
    "std": 1.0,
    "min": -0.3769,
    "p25": -0.3283,
    "median": -0.3036,
    "p75": -0.2746,
    "p95": 2.9552,
    "p99": 4.1591,
    "max": 6.0616,
    "null_pct": 0.0,
    "scaler_mean": -0.0,
    "scaler_std": 0.999972
  },
  "is_error": {
    "mean": 0.2207,
    "std": 0.4147,
    "min": 0.0,
    "p25": 0.0,
    "median": 0.0,
    "p75": 0.0,
    "p95": 1.0,
    "p99": 1.0,
    "max": 1.0,
    "null_pct": 0.0,
    "scaler_mean": 0.220667,
    "scaler_std": 0.414696
  },
  "log_level_int": {
    "mean": 0.5004,
    "std": 0.8436,
    "min": 0.0,
    "p25": 0.0,
    "median": 0.0,
    "p75": 1.0,
    "p95": 2.0,
    "p99": 3.0,
    "max": 3.0,
    "null_pct": 0.0,
    "scaler_mean": 0.500444,
    "scaler_std": 0.843603
  },
  "error_rate_5min": {
    "mean": 0.2186,
    "std": 0.1183,
    "min": 0.1034,
    "p25": 0.1205,
    "median": 0.1408,
    "p75": 0.3386,
    "p95": 0.4616,
    "p99": 0.4662,
    "max": 1.0,
    "null_pct": 0.0,
    "scaler_mean": 0.218614,
    "scaler_std": 0.118335
  },
  "avg_response_5min": {
    "mean": 795.9562,
    "std": 1049.374,
    "min": 62.0,
    "p25": 142.0123,
    "median": 175.4501,
    "p75": 838.727,
    "p95": 3284.8817,
    "p99": 3302.1317,
    "max": 3311.9894,
    "null_pct": 0.0,
    "scaler_mean": 795.95616,
    "scaler_std": 1049.344814
  },
  "request_count_per_ip": {
    "mean": 127.9939,
    "std": 154.4394,
    "min": 61.0,
    "p25": 79.0,
    "median": 86.0,
    "p75": 92.0,
    "p95": 660.0,
    "p99": 682.0,
    "max": 682.0,
    "null_pct": 0.0,
    "scaler_mean": 127.993889,
    "scaler_std": 154.435132
  }
}